{
  "front-end": {
    "configuration": {
      "config": {
        "webpackOptions": {
          "module": {
            "rules": [
              {
                "test": "/\\.js$/",
                "exclude": "/node_modules/",
                "loader": "'babel-loader'",
                "options": {
                  "presets": [
                    "'env'"
                  ]
                }
              },
              {
                "test": "/\\.(scss|css)$/",
                "use": [
                  {
                    "loader": "MiniCssExtractPlugin.loader"
                  },
                  {
                    "loader": "'css-loader'",
                    "options": {
                      "sourceMap": true
                    }
                  },
                  {
                    "loader": "'sass-loader'",
                    "options": {
                      "sourceMap": true
                    }
                  }
                ]
              }
            ]
          },
          "plugins": [
            "new UglifyJSPlugin()",
            "new MiniCssExtractPlugin({ filename:'style.css' })"
          ],
          "entry": "",
          "output": {
            "filename": "'[name].[chunkhash].js'",
            "chunkFilename": "'[name].[chunkhash].js'",
            "path": "path.resolve(__dirname, 'dist')"
          },
          "mode": "'production'",
          "optimization": {
            "splitChunks": {
              "chunks": "'async'",
              "minSize": 30000,
              "minChunks": 1,
              "name": false,
              "cacheGroups": {
                "vendors": {
                  "test": "/[\\\\/]node_modules[\\\\/]/",
                  "priority": -10
                }
              }
            }
          }
        },
        "topScope": [
          "const webpack = require('webpack')",
          "const path = require('path')",
          "/*\n * We've enabled UglifyJSPlugin for you! This minifies your app\n * in order to load faster and run less javascript.\n *\n * https://github.com/webpack-contrib/uglifyjs-webpack-plugin\n *\n */",
          "const UglifyJSPlugin = require('uglifyjs-webpack-plugin');",
          "\n",
          "/*\n * We've enabled MiniCssExtractPlugin for you. This allows your app to\n * use css modules that will be moved into a separate CSS file instead of inside\n * one of your module entries!\n *\n * https://github.com/webpack-contrib/mini-css-extract-plugin\n *\n */",
          "const MiniCssExtractPlugin = require('mini-css-extract-plugin');",
          "\n",
          "/*\n * SplitChunksPlugin is enabled by default and replaced\n * deprecated CommonsChunkPlugin. It automatically identifies modules which\n * should be splitted of chunk by heuristics using module duplication count and\n * module category (i. e. node_modules). And splits the chunks…\n *\n * It is safe to remove \"splitChunks\" from the generated configuration\n * and was added as an educational example.\n *\n * https://webpack.js.org/plugins/split-chunks-plugin/\n *\n */"
        ],
        "configName": "prod"
      }
    }
  }
}